"","coef_(Intercept)","coef_age_scale","coef_female","coef_bmi","coef_factor(nee_pressor_dose)1","coef_factor(nee_pressor_dose)2","coef_sofa_score_scale","coef_min_pf_ratio_scale"
"1",-0.697865051397789,-0.0222361079858169,-0.0308756344953544,-0.00379201102919841,0.749836988675545,0.262175459455872,-0.198282217883844,-0.0146734125134315
